{
  "name": "Crosshair Removal",
  "description": "Hide your crosshair on any weapon!",
  "csversion": "cs2",
  "installed_at": "2025-10-02 22:35",
  "files": [
    "D:\\Steam\\steamapps\\common\\Counter-Strike Global Offensive\\game\\csgo\\cfg\\autoexec_crosshair_removal.cfg",
    "D:\\Steam\\steamapps\\common\\Counter-Strike Global Offensive\\game\\csgo\\cfg\\autoexec.cfg"
  ],
  "autoexec_line": "exec \"autoexec_crosshair_removal.cfg\"",
  "autoexec_name": "autoexec_crosshair_removal.cfg",
  "mod_dir": "C:\\Users\\cyxap\\AppData\\Roaming\\ModCS2\\mods\\Crosshair Removal",
  "binds": {
    "TOGGLE_KEY": "F7"
  },
  "placeholder_map": {
    "D:\\Steam\\steamapps\\common\\Counter-Strike Global Offensive\\game\\csgo\\cfg\\autoexec_crosshair_removal.cfg": "placeholders\\autoexec_crosshair_removal.cfg"
  }
}