{
  "name": "MWheel Jump",
  "description": "Jump on mouse scroll with a toggle!",
  "csversion": "cs2",
  "installed_at": "2025-10-02 22:05",
  "files": [
    "D:\\Steam\\steamapps\\common\\Counter-Strike Global Offensive\\game\\csgo\\cfg\\mwheelJump_off.cfg",
    "D:\\Steam\\steamapps\\common\\Counter-Strike Global Offensive\\game\\csgo\\cfg\\mwheelJump_on.cfg",
    "D:\\Steam\\steamapps\\common\\Counter-Strike Global Offensive\\game\\csgo\\cfg\\mwheelJump_toggle.cfg",
    "D:\\Steam\\steamapps\\common\\Counter-Strike Global Offensive\\game\\csgo\\cfg\\autoexec.cfg"
  ],
  "autoexec_line": "exec \"mwheelJump_toggle.cfg\"",
  "autoexec_name": "mwheelJump_toggle.cfg",
  "mod_dir": "C:\\Users\\cyxap\\AppData\\Roaming\\ModCS2\\mods\\MWheel Jump",
  "binds": {
    "TOGGLE_KEY": "F2"
  },
  "placeholder_map": {
    "D:\\Steam\\steamapps\\common\\Counter-Strike Global Offensive\\game\\csgo\\cfg\\mwheelJump_toggle.cfg": "placeholders\\mwheelJump_toggle.cfg"
  }
}